"","unique_id","report.","date","year","month","overall_type","category","type","type_desc","offense","i.ward","a.ward","a.city","a.county","a.state","a.race","a.gender","a.age","age_range","initiated"
"1",1496,200051279,2020-12-29,"2020","12","Traffic","Part II - Vice","CA","Arrest","CDS: Felony Marijuana","Ward 2","OOC","Hyattsville","Prince George's","MD","Black","Man",18,"18-29","Officer"
"2",1497,200050884,2020-12-27,"2020","12","Traffic","Miscellaneous","CA","Arrest","All Other - Traffic","Ward 6","OOC","Silver Spring","Montgomery","MD","Hispanic","Man",28,"18-29","Officer"
"3",1498,200049952,2020-12-21,"2020","12","Traffic","Miscellaneous","CA","Arrest","All Other - Traffic","Ward 6","OOC","Hyattsville","Prince George's","MD","White","Man",41,"40-49","Public"
"4",1499,200049074,2020-12-14,"2020","12","Traffic","Miscellaneous","CA","Arrest","All Other - Traffic","Ward 6","OOC","Hyattsville","Prince George's","MD","White","Man",18,"18-29","Detail"
"5",1500,200049240,2020-12-14,"2020","12","Traffic","Part II - Safety","CA","Arrest","DUI","Ward 5","OOC","Washington","DC","DC","Black","Man",36,"30-39","Public"
"6",1501,200047871,2020-12-05,"2020","12","Traffic","Part II - Vice","CA","Arrest","CDS: Marijuana","Ward 1","OOC","Charlotte","OOS","NC","Black","Woman",28,"18-29","Officer"
"7",1502,200046882,2020-11-30,"2020","11","Traffic","Part II - Safety","CA","Arrest","DUI","OOC","OOC","Silver Spring","Montgomery","MD","Hispanic","Man",28,"18-29","Detail"
"8",1503,200047024,2020-11-30,"2020","11","Traffic","Part II - Safety","CA","Arrest","DUI","OOC","OOC","Silver Spring","Montgomery","MD","Black","Man",32,"30-39","Detail"
"9",1504,200046451,2020-11-24,"2020","11","Traffic","Miscellaneous","CA","Arrest","All Other - Criminal","Ward 6","UNK","UNK","UNK","UNK","Black","Man",66,"60-69","Officer"
"10",1505,200046305,2020-11-23,"2020","11","Traffic","Miscellaneous","SVC","Warrant-service arrest","Warrant Service","Ward 6","Ward 3","Takoma Park","Takoma Park (MC)","MD","Hispanic","Man",28,"18-29","Officer"
"11",1506,200045117,2020-11-16,"2020","11","Traffic","Miscellaneous","SVC","Warrant-service arrest","Warrant Service","Ward 6","OOC","Silver Spring","Montgomery","MD","Hispanic","Man",20,"18-29","Officer"
"12",1507,200043730,2020-11-10,"2020","11","Traffic","Part II - Vice","CA","Arrest","CDS: Marijuana","Ward 6","OOC","Hyattsville","Prince George's","MD","Hispanic","Man",21,"18-29","Officer"
"13",1508,200043520,2020-11-04,"2020","11","Traffic","Part II - Safety","CA","Arrest","DUI","Ward 6","OOC","Beltsville","Prince George's","MD","Hispanic","Man",62,"60-69","Public"
"14",1509,200040726,2020-10-15,"2020","10","Traffic","Part II - Safety","CA","Arrest","DUI","Ward 6","OOC","Laurel","Prince George's","MD","White","Man",24,"18-29","Officer"
"15",1510,200040000,2020-10-11,"2020","10","Traffic","Part II - Safety","CA","Arrest","DUI","Ward 6","OOC","Silver Spring","Montgomery","MD","White","Woman",30,"30-39","Officer"
"16",1511,200038057,2020-09-28,"2020","09","Traffic","Part II - Safety","CA","Arrest","DUI","Ward 6","OOC","Rockville","Montgomery","MD","Hispanic","Man",39,"30-39","Officer"
"17",1512,200038066,2020-09-28,"2020","09","Traffic","Miscellaneous","SVC","Warrant-service arrest","Warrant Service","Ward 1","OOC","Washington","DC","DC","Black","Man",42,"40-49","Officer"
"18",1513,200037448,2020-09-24,"2020","09","Traffic","Part II - Safety","CA","Arrest","DUI","Ward 2","OOC","Washington","DC","DC","Hispanic","Man",39,"30-39","Officer"
"19",1514,200037565,2020-09-24,"2020","09","Traffic","Part I - Property","CRC","Criminal citation","Larceny","Ward 3","Ward 2","Takoma Park","Takoma Park (MC)","MD","Black","Man",57,"50-59","Detail"
"20",1515,200036699,2020-09-19,"2020","09","Traffic","Miscellaneous","SVC","Warrant-service arrest","Warrant Service","Ward 2","OOC","Hyattsville","Prince George's","MD","Hispanic","Man",25,"18-29","Officer"
"21",1516,200035928,2020-09-13,"2020","09","Traffic","Part II - Safety","CA","Arrest","DUI","Ward 5","OOC","TP unincorporated (MC)","Montgomery","MD","Hispanic","Man",24,"18-29","Public"
"22",1517,200035594,2020-09-11,"2020","09","Traffic","Miscellaneous","SVC","Warrant-service arrest","Warrant Service","Ward 2","OOC","Severn","Anne Arundel","MD","Black","Man",35,"30-39","Detail"
"23",1518,200035098,2020-09-08,"2020","09","Traffic","Part II - Safety","CA","Arrest","DUI","Ward 6","OOC","Washington","DC","DC","Black","Man",30,"30-39","Officer"
"24",1519,200034592,2020-09-04,"2020","09","Traffic","Part II - Safety","CA","Arrest","DUI","Ward 2","OOC","Alexandria","VA","VA","Hispanic","Man",42,"40-49","Officer"
"25",1520,200030756,2020-08-07,"2020","08","Traffic","Part II - Safety","CA","Arrest","DUI","Ward 6","UNK","UNK","UNK","UNK","Hispanic","Man",41,"40-49","Officer"
"26",1521,200027976,2020-07-19,"2020","07","Traffic","Part II - Safety","CA","Arrest","DUI","Ward 4","Ward 4","Takoma Park","Takoma Park (MC)","MD","Black","Woman",41,"40-49","Public"
"27",1522,200012688,2020-03-15,"2020","03","Traffic","Part II - Safety","CA","Arrest","DUI","Ward 2","OOC","Rockville","Montgomery","MD","Hispanic","Man",19,"18-29","Officer"
"28",1523,200011255,2020-03-08,"2020","03","Traffic","Part II - Safety","CA","Arrest","DUI","Ward 6","OOC","Hyattsville","Prince George's","MD","Hispanic","Man",50,"50-59","Public"
"29",1524,200011329,2020-03-07,"2020","03","Traffic","Miscellaneous","CA","Arrest","All Other - Traffic","Ward 2","OOC","Silver Spring","Montgomery","MD","Hispanic","Man",23,"18-29","Officer"
"30",1525,200009438,2020-02-26,"2020","02","Traffic","Part II - Safety","CA","Arrest","DUI","Ward 2","OOC","Washington","DC","DC","White","Woman",23,"18-29","Public"
"31",1526,200009438,2020-02-26,"2020","02","Traffic","Part II - Safety","CA","Arrest","DUI","Ward 2","OOC","Washington","DC","DC","White","Woman",39,"30-39","Public"
"32",1527,200007988,2020-02-17,"2020","02","Traffic","Part II - Safety","CA","Arrest","DUI","Ward 6","OOC","Hyattsville","Prince George's","MD","White","Man",44,"40-49","Officer"
"33",1528,200007646,2020-02-15,"2020","02","Traffic","Part II - Safety","CA","Arrest","DUI","Ward 6","OOC","Abingdon","Harford","MD","Black","Man",23,"18-29","Officer"
"34",1529,200006674,2020-02-09,"2020","02","Traffic","Miscellaneous","SVC","Warrant-service arrest","Warrant Service","Ward 3","OOC","Silver Spring","Montgomery","MD","Black","Man",48,"40-49","Officer"
"35",1530,200006545,2020-02-09,"2020","02","Traffic","Part II - Safety","CA","Arrest","DUI","Ward 6","Ward 2","Takoma Park","Takoma Park (MC)","MD","Black","Man",47,"40-49","Public"
"36",1531,200004510,2020-01-28,"2020","01","Traffic","Part II - Safety","CA","Arrest","DUI","Ward 6","OOC","Adelphi","Prince George's","MD","Black","Woman",30,"30-39","Public"
"37",1532,190059810,2020-01-15,"2020","01","Traffic","Part II - Safety","CA","Arrest","DUI","OOC","OOC","Silver Spring","Montgomery","MD","Hispanic","Man",26,"18-29","Officer"
"38",1533,200002501,2020-01-15,"2020","01","Traffic","Part II - Vice","CA","Arrest","CDS: Marijuana","Ward 2","Ward 6","Takoma Park","Takoma Park (MC)","MD","Black","Man",30,"30-39","Officer"
"39",1534,190057678,2019-12-01,"2019","12","Traffic","Miscellaneous","SVC","Warrant-service arrest","Warrant Service","Ward 3","OOC","TP unincorporated (PG)","Prince George's","MD","Hispanic","Man",25,"18-29","Officer"
"40",1535,190057403,2019-11-28,"2019","11","Traffic","Part II - Safety","CA","Arrest","DUI","OOC","OOC","Silver Spring","Montgomery","MD","Black","Woman",53,"50-59","Detail"
"41",1536,190056373,2019-11-22,"2019","11","Traffic","Miscellaneous","CA","Arrest","All Other - Traffic","Ward 6","OOC","Rockville","Montgomery","MD","Black","Man",37,"30-39","Officer"
"42",1537,190055951,2019-11-20,"2019","11","Traffic","Miscellaneous","CA","Arrest","All Other - Criminal","Ward 6","OOC","Hyattsville","Prince George's","MD","Black","Man",36,"30-39","Officer"
"43",1538,190055251,2019-11-16,"2019","11","Traffic","Part II - Safety","CA","Arrest","DUI","OOC","OOC","Upper Marlboro","Prince George's","MD","Black","Man",55,"50-59","Detail"
"44",1539,190053954,2019-11-09,"2019","11","Traffic","Part II - Vice","CA","Arrest","CDS: Prescription","Ward 6","OOC","Silver Spring","Montgomery","MD","Black","Man",25,"18-29","Officer"
"45",1540,190052240,2019-11-04,"2019","11","Traffic","Miscellaneous","SVC","Warrant-service arrest","Warrant Service","Ward 6","UNK","UNK","UNK","UNK","Hispanic","Man",19,"18-29","Public"
"46",1541,190051612,2019-10-27,"2019","10","Traffic","Part II - Safety","CA","Arrest","DUI","Ward 6","OOC","Hyattsville","Prince George's","MD","Hispanic","Man",60,"60-69","Officer"
"47",1542,190050502,2019-10-21,"2019","10","Traffic","Miscellaneous","SVC","Warrant-service arrest","Warrant Service","Ward 6","OOC","Hyattsville","Prince George's","MD","Hispanic","Woman",37,"30-39","Detail"
"48",1543,190049137,2019-10-13,"2019","10","Traffic","Part II - Safety","CA","Arrest","DUI","Ward 6","OOC","Silver Spring","Montgomery","MD","Hispanic","Man",36,"30-39","Officer"
"49",1544,190043805,2019-09-13,"2019","09","Traffic","Part II - Safety","CA","Arrest","DUI","Ward 1","OOC","Silver Spring","Montgomery","MD","Hispanic","Man",25,"18-29","Officer"
"50",1545,190041132,2019-08-28,"2019","08","Traffic","Miscellaneous","CA","Arrest","All Other - Traffic","Ward 6","OOC","Hyattsville","Prince George's","MD","Hispanic","Man",35,"30-39","Officer"
"51",1546,190040107,2019-08-22,"2019","08","Traffic","Part II - Vice","CRC","Criminal citation","CDS: Marijuana","Ward 6","OOC","Washington","DC","DC","Hispanic","Man",18,"18-29","Officer"
"52",1547,190038742,2019-08-14,"2019","08","Traffic","Miscellaneous","CA","Arrest","All Other - Traffic","Ward 6","OOC","Washington","DC","DC","Black","Man",30,"30-39","Public"
"53",1548,190038114,2019-08-10,"2019","08","Traffic","Part II - Safety","CA","Arrest","DUI","Ward 6","OOC","Hyattsville","Prince George's","MD","Hispanic","Man",25,"18-29","Officer"
"54",1549,190034436,2019-08-07,"2019","08","Traffic","Miscellaneous","SVC","Warrant-service arrest","Warrant Service","Ward 6","OOC","College Park","Prince George's","MD","Black","Man",21,"18-29","Officer"
"55",1550,190035336,2019-08-02,"2019","08","Traffic","Part II - Vice","CA","Arrest","CDS: Felony Marijuana","Ward 6","OOC","Washington","DC","DC","Black","Man",32,"30-39","Officer"
"56",1551,190035711,2019-07-27,"2019","07","Traffic","Part II - Safety","CA","Arrest","DUI","Ward 3","OOC","Riverdale","Prince George's","MD","Black","Man",40,"40-49","Officer"
"57",1552,190031885,2019-07-08,"2019","07","Traffic","Part II - Safety","CA","Arrest","DUI","Ward 6","OOC","Washington","DC","DC","Hispanic","Man",58,"50-59","Public"
"58",1553,190029229,2019-06-21,"2019","06","Traffic","Part II - Safety","CA","Arrest","DUI","Ward 6","OOC","Bridgeton","OOS","NJ","Hispanic","Man",34,"30-39","Officer"
"59",1554,190028163,2019-06-13,"2019","06","Traffic","Part II - Safety","CA","Arrest","DUI","Ward 4","Ward 5","Takoma Park","Takoma Park (MC)","MD","White","Woman",22,"18-29","Public"
"60",1555,190023767,2019-05-20,"2019","05","Traffic","Part II - Safety","CA","Arrest","DUI","Ward 3","OOC","Adelphi","Prince George's","MD","Hispanic","Man",54,"50-59","Public"
"61",1556,190023343,2019-05-19,"2019","05","Traffic","Part II - Vice","CA","Arrest","CDS: Heroin","Ward 6","OOC","Washington","DC","DC","Black","Man",44,"40-49","Officer"
"62",1557,190022199,2019-05-13,"2019","05","Traffic","Part II - Safety","CA","Arrest","DUI","Ward 6","OOC","Silver Spring","Montgomery","MD","Hispanic","Man",41,"40-49","Officer"
"63",1558,190018437,2019-04-20,"2019","04","Traffic","Part II - Safety","CA","Arrest","DUI","Ward 2","OOC","Brentwood","Prince George's","MD","Hispanic","Man",34,"30-39","Public"
"64",1559,190017521,2019-04-15,"2019","04","Traffic","Part II - Safety","CA","Arrest","DUI","Ward 6","OOC","Montgomery Village","Montgomery","MD","Hispanic","Man",37,"30-39","Public"
"65",1560,190014089,2019-03-30,"2019","03","Traffic","Part II - Vice","CA","Arrest","CDS: Felony Marijuana","Ward 2","OOC","Silver Spring","Montgomery","MD","Black","Man",26,"18-29","Officer"
"66",1561,190014706,2019-03-30,"2019","03","Traffic","Part II - Safety","CA","Arrest","DUI","Ward 6","OOC","Laurel","Anne Arundel","MD","Hispanic","Man",28,"18-29","Detail"
"67",1562,190013855,2019-03-26,"2019","03","Traffic","Part II - Safety","CA","Arrest","DUI","Ward 6","OOC","Adelphi","Prince George's","MD","Hispanic","Man",42,"40-49","Officer"
"68",1563,190011041,2019-03-10,"2019","03","Traffic","Part II - Safety","CA","Arrest","DUI","Ward 2","OOC","Adelphi","Prince George's","MD","Hispanic","Man",31,"30-39","Officer"
"69",1564,190007908,2019-02-19,"2019","02","Traffic","Part II - Safety","CA","Arrest","DUI","Ward 5","Ward 5","Takoma Park","Takoma Park (MC)","MD","White","Woman",51,"50-59","Public"
"70",1565,190000584,2019-01-06,"2019","01","Traffic","Miscellaneous","SVC","Warrant-service arrest","Warrant Service","Ward 6","OOC","Plantation","OOS","FL","White","Man",34,"30-39","Officer"
"71",1566,190000715,2019-01-06,"2019","01","Traffic","Miscellaneous","CA","Arrest","All Other - Traffic","Ward 6","OOC","Hyattsville","Prince George's","MD","Hispanic","Man",39,"30-39","Officer"
"72",1567,190000093,2019-01-04,"2019","01","Traffic","Part II - Safety","CA","Arrest","DUI","Ward 6","OOC","Adelphi","Prince George's","MD","Hispanic","Man",42,"40-49","Officer"
"73",1568,180064371,2018-12-25,"2018","12","Traffic","Part II - Safety","CA","Arrest","DUI","Ward 6","OOC","Hyattsville","Prince George's","MD","Hispanic","Man",40,"40-49","Public"
"74",1569,180062127,2018-12-23,"2018","12","Traffic","Part II - Safety","CA","Arrest","DUI","Ward 4","OOC","TP unincorporated (PG)","Prince George's","MD","Black","Man",52,"50-59","Officer"
"75",1570,180063954,2018-12-22,"2018","12","Traffic","Part II - Vice","CRC","Criminal citation","CDS: Paraphernalia","Ward 6","OOC","Gaithersburg","Montgomery","MD","Black","Man",24,"18-29","Officer"
"76",1571,180063052,2018-12-20,"2018","12","Traffic","Part II - Safety","CA","Arrest","DUI","Ward 5","OOC","Rockville","Montgomery","MD","Hispanic","Man",38,"30-39","Public"
"77",1572,180063070,2018-12-18,"2018","12","Traffic","Part II - Safety","CA","Arrest","DUI","Ward 6","UNK","UNK","UNK","UNK","Hispanic","Man",39,"30-39","Officer"
"78",1573,180062607,2018-12-15,"2018","12","Traffic","Part II - Safety","CA","Arrest","DUI","Ward 5","OOC","Silver Spring","Montgomery","MD","Hispanic","Man",22,"18-29","Detail"
"79",1574,170541971,2018-12-12,"2018","12","Traffic","Part II - Vice","APP","Application for charges","CDS: Marijuana","Ward 5","OOC","Silver Spring","Montgomery","MD","Black","Man",51,"50-59","Detail"
"80",1575,170541971,2018-12-12,"2018","12","Traffic","Part II - Vice","APP","Application for charges","CDS: Marijuana","Ward 5","Ward 5","Takoma Park","Takoma Park (MC)","MD","Black","Woman",58,"50-59","Detail"
"81",1576,180052613,2018-12-10,"2018","12","Traffic","Part II - Nuisance","CA","Arrest","Disorderly Conduct","Ward 5","OOC","Washington","DC","DC","Black","Man",36,"30-39","Officer"
"82",1577,180061346,2018-12-08,"2018","12","Traffic","Part II - Safety","CA","Arrest","DUI","OOC","OOC","Montgomery Village","Montgomery","MD","Hispanic","Man",26,"18-29","Detail"
"83",1578,180060176,2018-12-03,"2018","12","Traffic","Part II - Safety","CA","Arrest","DUI","Ward 6","OOC","Adelphi","Prince George's","MD","Hispanic","Man",33,"30-39","Detail"
"84",1579,180058152,2018-11-24,"2018","11","Traffic","Miscellaneous","CA","Arrest","All Other - Traffic","Ward 5","OOC","Silver Spring","Montgomery","MD","Hispanic","Man",20,"18-29","Detail"
"85",1580,180051589,2018-10-15,"2018","10","Traffic","Part II - Safety","CA","Arrest","Weapons Violation","Ward 6","OOC","Washington","DC","DC","Black","Man",39,"30-39","Officer"
"86",1581,180049251,2018-10-10,"2018","10","Traffic","Miscellaneous","SVC","Warrant-service arrest","Warrant Service","Ward 6","OOC","Washington","DC","DC","Black","Man",26,"18-29","Officer"
"87",1582,180048849,2018-10-08,"2018","10","Traffic","Miscellaneous","SVC","Warrant-service arrest","Warrant Service","Ward 6","OOC","Mount Jackson","VA","VA","Black","Man",29,"18-29","Officer"
"88",1583,180043755,2018-09-06,"2018","09","Traffic","Part II - Vice","CA","Arrest","CDS: Heroin","Ward 6","OOC","Silver Spring","Montgomery","MD","Hispanic","Man",41,"40-49","Officer"
"89",1584,180044031,2018-09-04,"2018","09","Traffic","Part II - Safety","CA","Arrest","DUI","Ward 3","OOC","Hyattsville","Prince George's","MD","Hispanic","Man",38,"30-39","Public"
"90",1585,180041207,2018-08-27,"2018","08","Traffic","Part II - Safety","CA","Arrest","DUI","Ward 2","OOC","Lynchburg","VA","VA","Hispanic","Man",50,"50-59","Officer"
"91",1586,180040646,2018-08-20,"2018","08","Traffic","Part II - Vice","CRC","Criminal citation","CDS: Marijuana","Ward 1","UNK","UNK","UNK","UNK","Black","Man",29,"18-29","Officer"
"92",1587,180039681,2018-08-15,"2018","08","Traffic","Part II - Safety","CA","Arrest","DUI","Ward 3","OOC","Silver Spring","Montgomery","MD","Hispanic","Man",23,"18-29","Public"
"93",1588,180038813,2018-08-05,"2018","08","Traffic","Part II - Safety","CA","Arrest","DUI","Ward 5","OOC","Silver Spring","Montgomery","MD","Hispanic","Man",32,"30-39","Detail"
"94",1589,180037157,2018-07-27,"2018","07","Traffic","Miscellaneous","SVC","Warrant-service arrest","Warrant Service","Ward 6","OOC","Silver Spring","Montgomery","MD","Black","Man",28,"18-29","Officer"
"95",1590,180031478,2018-07-10,"2018","07","Traffic","Miscellaneous","SVC","Warrant-service arrest","Warrant Service","Ward 1","OOC","Waldorf","Charles","MD","Black","Woman",34,"30-39","Officer"
"96",1591,180032569,2018-07-02,"2018","07","Traffic","Miscellaneous","SVC","Warrant-service arrest","Warrant Service","Ward 6","OOC","Adelphi","Prince George's","MD","Hispanic","Man",24,"18-29","Officer"
"97",1592,180010544,2018-06-28,"2018","06","Traffic","Miscellaneous","SVC","Warrant-service arrest","Warrant Service","Ward 3","Ward 2","Takoma Park","Takoma Park (MC)","MD","Black","Man",28,"18-29","Detail"
"98",1593,180010280,2018-06-18,"2018","06","Traffic","Miscellaneous","CA","Arrest","All Other - Criminal","Ward 6","OOC","Washington","DC","DC","Black","Man",25,"18-29","Detail"
"99",1594,180028490,2018-06-10,"2018","06","Traffic","Miscellaneous","CA","Arrest","All Other - Traffic","Ward 2","OOC","Washington","DC","DC","Black","Man",35,"30-39","Officer"
"100",1595,180027573,2018-06-06,"2018","06","Traffic","Part II - Safety","CA","Arrest","DUI","Ward 6","OOC","Silver Spring","Montgomery","MD","Black","Man",27,"18-29","Officer"
"101",1596,180025109,2018-06-05,"2018","06","Traffic","Miscellaneous","SVC","Warrant-service arrest","Warrant Service","Ward 2","Ward 5","Takoma Park","Takoma Park (MC)","MD","Black","Man",39,"30-39","Officer"
"102",1597,180021579,2018-05-03,"2018","05","Traffic","Part II - Safety","CA","Arrest","DUI","Ward 6","OOC","Washington","DC","DC","Hispanic","Man",35,"30-39","Public"
"103",1598,170539090,2018-04-30,"2018","04","Traffic","Miscellaneous","APP","Application for charges","All Other - Criminal","Ward 6","OOC","Silver Spring","Montgomery","MD","Black","Man",39,"30-39","Officer"
"104",1599,180019076,2018-04-24,"2018","04","Traffic","Part II - Vice","CA","Arrest","CDS: Marijuana","Ward 6","OOC","New Carrollton","Prince George's","MD","Black","Man",26,"18-29","Officer"
"105",1600,180018201,2018-04-15,"2018","04","Traffic","Part II - Safety","CA","Arrest","DUI","Ward 3","OOC","Silver Spring","Montgomery","MD","Black","Man",24,"18-29","Public"
"106",1601,180017535,2018-04-11,"2018","04","Traffic","Part II - Vice","CA","Arrest","CDS: Cocaine","Ward 2","OOC","Washington","DC","DC","Black","Man",28,"18-29","Officer"
"107",1602,180016829,2018-04-08,"2018","04","Traffic","Part II - Safety","CA","Arrest","DUI","Ward 6","OOC","Adelphi","Prince George's","MD","Hispanic","Man",57,"50-59","Public"
"108",1603,180016927,2018-04-07,"2018","04","Traffic","Miscellaneous","SVC","Warrant-service arrest","Warrant Service","Ward 2","Ward 6","Takoma Park","Takoma Park (MC)","MD","Black","Man",29,"18-29","Officer"
"109",1604,180016625,2018-04-05,"2018","04","Traffic","Miscellaneous","SVC","Warrant-service arrest","Warrant Service","OOC","OOC","TP unincorporated (PG)","Prince George's","MD","Black","Man",28,"18-29","Officer"
"110",1605,180015861,2018-04-04,"2018","04","Traffic","Part II - Safety","CA","Arrest","DUI","Ward 2","OOC","Alexandria","VA","VA","Black","Man",23,"18-29","Public"
"111",1606,180015374,2018-03-30,"2018","03","Traffic","Part II - Vice","CA","Arrest","CDS: Cocaine","Ward 6","OOC","Baltimore","Baltimore","MD","White","Woman",29,"18-29","Detail"
"112",1607,180012354,2018-03-15,"2018","03","Traffic","Part II - Safety","CA","Arrest","DUI","Ward 6","OOC","Hyattsville","Prince George's","MD","Hispanic","Man",38,"30-39","Officer"
"113",1608,180012714,2018-03-14,"2018","03","Traffic","Part II - Vice","CA","Arrest","CDS: Cocaine","Ward 5","OOC","Silver Spring","Montgomery","MD","Hispanic","Man",35,"30-39","Detail"
"114",1609,180012030,2018-03-13,"2018","03","Traffic","Miscellaneous","SVC","Warrant-service arrest","Warrant Service","Ward 6","Ward 4","Takoma Park","Takoma Park (MC)","MD","Black","Man",26,"18-29","Detail"
"115",1610,180012080,2018-03-11,"2018","03","Traffic","Part II - Vice","CRC","Criminal citation","CDS: Cocaine","Ward 3","OOC","Silver Spring","Montgomery","MD","Hispanic","Man",38,"30-39","Officer"
"116",1611,170540278,2018-03-08,"2018","03","Traffic","Part II - Vice","APP","Application for charges","CDS: PCP","Ward 5","Ward 2","Takoma Park","Takoma Park (MC)","MD","Black","Man",50,"50-59","Detail"
"117",1612,180010724,2018-03-06,"2018","03","Traffic","Part II - Safety","CA","Arrest","DUI","Ward 6","Ward 4","Takoma Park","Takoma Park (MC)","MD","Hispanic","Man",21,"18-29","Public"
"118",1613,180010376,2018-02-28,"2018","02","Traffic","Miscellaneous","CA","Arrest","All Other - Traffic","Ward 6","OOC","Bryans Road","Charles","MD","Hispanic","Man",33,"30-39","Public"
"119",1614,180005401,2018-02-26,"2018","02","Traffic","Part II - Nuisance","CA","Arrest","Disorderly Conduct","Ward 3","OOC","Clarksburg","Montgomery","MD","Black","Man",23,"18-29","Detail"
"120",1615,180009879,2018-02-26,"2018","02","Traffic","Miscellaneous","CA","Arrest","All Other - Traffic","Ward 6","OOC","Adelphi","Prince George's","MD","Hispanic","Man",22,"18-29","Public"
"121",1616,180009660,2018-02-25,"2018","02","Traffic","Part II - Vice","CRC","Criminal citation","CDS: Marijuana","Ward 2","OOC","Capitol Heights","Prince George's","MD","Black","Man",28,"18-29","Detail"
"122",1617,180008912,2018-02-21,"2018","02","Traffic","Part II - Vice","CRC","Criminal citation","CDS: Cocaine","Ward 3","OOC","Fairfax","VA","VA","Black","Man",56,"50-59","Detail"
"123",1618,180008912,2018-02-21,"2018","02","Traffic","Part II - Vice","CRC","Criminal citation","CDS: Cocaine","Ward 3","OOC","Washington","DC","DC","Black","Woman",37,"30-39","Detail"
"124",1619,180008326,2018-02-19,"2018","02","Traffic","Part II - Safety","CA","Arrest","DUI","Ward 1","OOC","Washington","DC","DC","Black","Man",34,"30-39","Public"
"125",1620,180005197,2018-01-31,"2018","01","Traffic","Part II - Vice","CA","Arrest","CDS: Felony Marijuana","Ward 6","OOC","Columbia","Howard","MD","Black","Man",21,"18-29","Detail"
"126",1621,180004331,2018-01-30,"2018","01","Traffic","Part II - Vice","CA","Arrest","CDS: Cocaine","Ward 3","OOC","Silver Spring","Montgomery","MD","Black","Man",22,"18-29","Detail"
"127",1622,180003400,2018-01-21,"2018","01","Traffic","Miscellaneous","CRC","Criminal citation","Warrant Service","Ward 6","OOC","Lanham","Prince George's","MD","White","Man",20,"18-29","Officer"
"128",1623,180003400,2018-01-21,"2018","01","Traffic","Miscellaneous","SVC","Warrant-service arrest","Warrant Service","Ward 6","OOC","Adelphi","Prince George's","MD","Hispanic","Woman",32,"30-39","Officer"
"129",1624,180001593,2018-01-15,"2018","01","Traffic","Part II - Safety","CA","Arrest","DUI","Ward 4","OOC","Hyattsville","Prince George's","MD","Black","Woman",35,"30-39","Officer"
"130",1625,180001355,2018-01-14,"2018","01","Traffic","Part I - Violent","APP","Application for charges","Aggravated Assault","Ward 1","OOC","Washington","DC","DC","Black","Man",23,"18-29","Officer"
"131",1626,180000303,2018-01-11,"2018","01","Traffic","Miscellaneous","SVC","Warrant-service arrest","Warrant Service","Ward 6","OOC","Waldorf","Charles","MD","Black","Woman",20,"18-29","Officer"
"132",1627,180001343,2018-01-10,"2018","01","Traffic","Miscellaneous","SVC","Warrant-service arrest","Warrant Service","Ward 6","OOC","Silver Spring","Montgomery","MD","Black","Man",22,"18-29","Officer"
"133",1628,180000333,2018-01-05,"2018","01","Traffic","Part II - Vice","CA","Arrest","CDS: Prescription","Ward 6","OOC","Washington","DC","DC","Black","Man",27,"18-29","Detail"
"134",1629,170551348,2017-12-31,"2017","12","Traffic","Part II - Vice","CA","Arrest","CDS: Felony Marijuana","Ward 5","OOC","Washington","DC","DC","Black","Man",23,"18-29","Detail"
"135",1630,170549996,2017-12-25,"2017","12","Traffic","Part II - Safety","CA","Arrest","Weapons Violation","Ward 6","OOC","Bowie","Prince George's","MD","Black","Man",23,"18-29","Detail"
"136",1631,170550459,2017-12-24,"2017","12","Traffic","Part II - Safety","CA","Arrest","DUI","Ward 5","OOC","Hyattsville","Prince George's","MD","Hispanic","Man",34,"30-39","Detail"
"137",1632,170548690,2017-12-17,"2017","12","Traffic","Miscellaneous","CA","Arrest","All Other - Criminal","Ward 6","OOC","Annandale","VA","VA","Hispanic","Man",21,"18-29","Officer"
"138",1633,170548862,2017-12-16,"2017","12","Traffic","Part II - Safety","CA","Arrest","DUI","Ward 5","OOC","Adelphi","Prince George's","MD","White","Man",37,"30-39","Public"
"139",1634,170547786,2017-12-11,"2017","12","Traffic","Miscellaneous","SVC","Warrant-service arrest","Warrant Service","Ward 6","OOC","Baltimore","Baltimore","MD","Black","Woman",48,"40-49","Officer"
"140",1635,170547693,2017-12-10,"2017","12","Traffic","Miscellaneous","SVC","Warrant-service arrest","Warrant Service","Ward 6","OOC","Lanham","Prince George's","MD","Hispanic","Man",18,"18-29","Officer"
"141",1636,170547720,2017-12-10,"2017","12","Traffic","Miscellaneous","CA","Arrest","All Other - Criminal","Ward 6","OOC","Hyattsville","Prince George's","MD","Hispanic","Man",31,"30-39","Officer"
"142",1637,170540278,2017-12-08,"2017","12","Traffic","Part II - Vice","CA","Arrest","CDS: PCP","Ward 5","OOC","Columbia","Howard","MD","Black","Man",54,"50-59","Detail"
"143",1638,170546302,2017-12-04,"2017","12","Traffic","Part II - Safety","CA","Arrest","DUI","Ward 2","OOC","Silver Spring","Montgomery","MD","Hispanic","Man",18,"18-29","Public"
"144",1639,170545935,2017-12-01,"2017","12","Traffic","Miscellaneous","SVC","Warrant-service arrest","Warrant Service","Ward 1","OOC","Glen Burnie","Anne Arundel","MD","Hispanic","Man",27,"18-29","Officer"
"145",1640,170544353,2017-11-28,"2017","11","Traffic","Part II - Safety","CA","Arrest","DUI","Ward 5","Ward 6","Takoma Park","Takoma Park (MC)","MD","Hispanic","Man",38,"30-39","Public"
"146",1641,170545094,2017-11-27,"2017","11","Traffic","Part II - Safety","CA","Arrest","DUI","Ward 6","OOC","Washington","DC","DC","Hispanic","Man",41,"40-49","Public"
"147",1642,170544913,2017-11-26,"2017","11","Traffic","Miscellaneous","SVC","Warrant-service arrest","Warrant Service","OOC","OOC","Washington","DC","DC","Black","Woman",23,"18-29","Detail"
"148",1643,170544913,2017-11-26,"2017","11","Traffic","Miscellaneous","SVC","Warrant-service arrest","Warrant Service","OOC","OOC","Alexandria","VA","VA","Hispanic","Man",26,"18-29","Detail"
"149",1644,170544913,2017-11-26,"2017","11","Traffic","Miscellaneous","SVC","Warrant-service arrest","Warrant Service","OOC","OOC","Alexandria","VA","VA","Hispanic","Man",28,"18-29","Detail"
"150",1645,170544923,2017-11-26,"2017","11","Traffic","Miscellaneous","CA","Arrest","All Other - Traffic","Ward 6","OOC","Hyattsville","Prince George's","MD","Black","Man",31,"30-39","Officer"
"151",1646,170545047,2017-11-26,"2017","11","Traffic","Miscellaneous","SVC","Warrant-service arrest","Warrant Service","Ward 6","OOC","Washington","DC","DC","Black","Man",57,"50-59","Detail"
"152",1647,170544737,2017-11-25,"2017","11","Traffic","Miscellaneous","SVC","Warrant-service arrest","Warrant Service","Ward 6","OOC","Washington","DC","DC","Black","Man",26,"18-29","Officer"
"153",1648,170544221,2017-11-22,"2017","11","Traffic","Miscellaneous","SVC","Warrant-service arrest","Warrant Service","Ward 2","OOC","Washington","DC","DC","Black","Man",23,"18-29","Detail"
"154",1649,170543509,2017-11-18,"2017","11","Traffic","Part II - Safety","CA","Arrest","DUI","Ward 1","OOC","Hyattsville","Prince George's","MD","Hispanic","Man",24,"18-29","Public"
"155",1650,170537662,2017-11-08,"2017","11","Traffic","Part II - Vice","CA","Arrest","CDS: Felony Marijuana","Ward 1","OOC","Silver Spring","Montgomery","MD","Hispanic","Man",24,"18-29","Officer"
"156",1651,170540518,2017-11-02,"2017","11","Traffic","Miscellaneous","SVC","Warrant-service arrest","Warrant Service","Ward 5","OOC","Silver Spring","Montgomery","MD","Black","Man",42,"40-49","Officer"
"157",1652,170540518,2017-11-02,"2017","11","Traffic","Miscellaneous","SVC","Warrant-service arrest","Warrant Service","Ward 5","OOC","Haymarket","VA","VA","White","Woman",32,"30-39","Officer"
"158",1653,170540087,2017-11-01,"2017","11","Traffic","Part II - Safety","CA","Arrest","DUI","Ward 1","Ward 1","Takoma Park","Takoma Park (MC)","MD","White","Woman",57,"50-59","Public"
"159",1654,170539590,2017-10-30,"2017","10","Traffic","Part II - Safety","CA","Arrest","DUI","Ward 6","OOC","Washington","DC","DC","Hispanic","Man",26,"18-29","Public"
"160",1655,170538112,2017-10-22,"2017","10","Traffic","Miscellaneous","CA","Arrest","All Other - Traffic","Ward 5","OOC","Silver Spring","Montgomery","MD","Black","Woman",35,"30-39","Officer"
"161",1656,170537291,2017-10-18,"2017","10","Traffic","Miscellaneous","SVC","Warrant-service arrest","Warrant Service","Ward 6","UNK","UNK","UNK","UNK","Hispanic","Man",29,"18-29","Officer"
"162",1657,170535414,2017-10-08,"2017","10","Traffic","Miscellaneous","CA","Arrest","All Other - Traffic","Ward 6","OOC","Hyattsville","Prince George's","MD","White","Man",30,"30-39","Officer"
"163",1658,170534269,2017-10-04,"2017","10","Traffic","Miscellaneous","CA","Arrest","All Other - Traffic","Ward 5","Ward 4","Takoma Park","Takoma Park (MC)","MD","Hispanic","Man",20,"18-29","Public"
"164",1659,170534422,2017-10-03,"2017","10","Traffic","Miscellaneous","CA","Arrest","All Other - Traffic","Ward 6","OOC","Hyattsville","Prince George's","MD","Hispanic","Man",35,"30-39","Officer"
"165",1660,170534086,2017-10-01,"2017","10","Traffic","Miscellaneous","CA","Arrest","All Other - Traffic","Ward 6","OOC","Manassas","OOS","VA","Hispanic","Man",36,"30-39","Officer"
"166",1661,170531869,2017-09-22,"2017","09","Traffic","Miscellaneous","SVC","Warrant-service arrest","Warrant Service","Ward 6","OOC","Washington","DC","DC","Black","Man",47,"40-49","Officer"
"167",1662,170532044,2017-09-22,"2017","09","Traffic","Miscellaneous","CA","Arrest","All Other - Traffic","Ward 6","OOC","Washington","DC","DC","Black","Woman",23,"18-29","Officer"
"168",1663,170530855,2017-09-20,"2017","09","Traffic","Part II - Nuisance","CA","Arrest","Disorderly Conduct","Ward 6","OOC","Beltsville","Prince George's","MD","Hispanic","Man",28,"18-29","Officer"
"169",1664,170530855,2017-09-20,"2017","09","Traffic","Part II - Nuisance","CA","Arrest","Disorderly Conduct","Ward 6","OOC","Hyattsville","Prince George's","MD","Hispanic","Man",22,"18-29","Officer"
"170",1665,170530349,2017-09-18,"2017","09","Traffic","Miscellaneous","CA","Arrest","All Other - Traffic","Ward 6","OOC","Washington","DC","DC","Hispanic","Man",30,"30-39","Officer"
"171",1666,170531351,2017-09-18,"2017","09","Traffic","Miscellaneous","CA","Arrest","All Other - Traffic","Ward 6","OOC","TP unincorporated (MC)","Montgomery","MD","Hispanic","Man",19,"18-29","Officer"
"172",1667,170530901,2017-09-16,"2017","09","Traffic","Part II - Safety","CA","Arrest","DUI","Ward 4","OOC","Hyattsville","Prince George's","MD","Hispanic","Man",29,"18-29","Public"
"173",1668,170528382,2017-09-04,"2017","09","Traffic","Part II - Safety","CA","Arrest","DUI","Ward 6","OOC","Adelphi","Prince George's","MD","Hispanic","Man",39,"30-39","Officer"
"174",1669,170527879,2017-08-31,"2017","08","Traffic","Part II - Vice","CA","Arrest","CDS: Felony Cocaine","Ward 6","OOC","Washington","DC","DC","Black","Man",37,"30-39","Officer"
"175",1670,170526898,2017-08-30,"2017","08","Traffic","Part II - Vice","CA","Arrest","CDS: Cocaine","Ward 6","OOC","Washington","DC","DC","Hispanic","Man",26,"18-29","Officer"
"176",1671,170527443,2017-08-30,"2017","08","Traffic","Part II - Safety","CA","Arrest","DUI","Ward 6","OOC","Hyattsville","Prince George's","MD","Hispanic","Man",27,"18-29","Officer"
"177",1672,170526752,2017-08-26,"2017","08","Traffic","Miscellaneous","CA","Arrest","All Other - Traffic","Ward 6","OOC","Hyattsville","Prince George's","MD","Hispanic","Man",30,"30-39","Officer"
"178",1673,170526862,2017-08-26,"2017","08","Traffic","Miscellaneous","CA","Arrest","All Other - Traffic","Ward 6","OOC","Hyattsville","Prince George's","MD","Hispanic","Man",30,"30-39","Officer"
"179",1674,170527052,2017-08-26,"2017","08","Traffic","Part II - Vice","CA","Arrest","CDS: Cocaine","Ward 6","OOC","Laurel","Prince George's","MD","Hispanic","Man",32,"30-39","Officer"
"180",1675,170525082,2017-08-16,"2017","08","Traffic","Part II - Safety","CA","Arrest","Weapons Violation","Ward 6","OOC","Lanham","Prince George's","MD","Black","Man",29,"18-29","Detail"
"181",1676,170525082,2017-08-16,"2017","08","Traffic","Part II - Safety","CA","Arrest","Weapons Violation","Ward 6","OOC","Washington","DC","DC","Black","Woman",24,"18-29","Detail"
"182",1677,170525082,2017-08-16,"2017","08","Traffic","Part II - Safety","CA","Arrest","Weapons Violation","Ward 6","OOC","Washington","DC","DC","Black","Man",26,"18-29","Detail"
"183",1678,170525136,2017-08-16,"2017","08","Traffic","Miscellaneous","CA","Arrest","All Other - Traffic","Ward 6","OOC","Silver Spring","Montgomery","MD","Hispanic","Man",36,"30-39","Officer"
"184",1679,170523720,2017-08-11,"2017","08","Traffic","Part II - Safety","CA","Arrest","Weapons Violation","Ward 6","OOC","Fort Washington","Prince George's","MD","Black","Man",24,"18-29","Detail"
"185",1680,170524013,2017-08-10,"2017","08","Traffic","Miscellaneous","SVC","Warrant-service arrest","Warrant Service","Ward 6","OOC","Lanham","Prince George's","MD","Black","Man",27,"18-29","Officer"
"186",1681,170523095,2017-08-06,"2017","08","Traffic","Part II - Safety","CA","Arrest","DUI","Ward 3","OOC","Silver Spring","Montgomery","MD","Hispanic","Man",32,"30-39","Public"
"187",1682,170520519,2017-07-23,"2017","07","Traffic","Part II - Vice","CA","Arrest","CDS: Marijuana","Ward 6","OOC","Washington","DC","DC","Black","Man",26,"18-29","Officer"
"188",1683,170520016,2017-07-20,"2017","07","Traffic","Part II - Vice","CA","Arrest","CDS: Felony Marijuana","Ward 5","OOC","Laurel","Prince George's","MD","White","Man",26,"18-29","Officer"
"189",1684,170517841,2017-07-12,"2017","07","Traffic","Part II - Vice","CA","Arrest","CDS: Marijuana","Ward 1","OOC","Silver Spring","Montgomery","MD","Hispanic","Man",21,"18-29","Officer"
"190",1685,170516912,2017-07-02,"2017","07","Traffic","Part II - Safety","CA","Arrest","DUI","Ward 6","OOC","Washington","DC","DC","Hispanic","Man",63,"60-69","Public"
"191",1686,170516338,2017-06-29,"2017","06","Traffic","Part II - Safety","CA","Arrest","DUI","Ward 5","OOC","Silver Spring","Montgomery","MD","Black","Man",45,"40-49","Officer"
"192",1687,170515654,2017-06-26,"2017","06","Traffic","Part II - Safety","CA","Arrest","DUI","Ward 6","OOC","Silver Spring","Montgomery","MD","Hispanic","Man",25,"18-29","Officer"
"193",1688,170515607,2017-06-25,"2017","06","Traffic","Part II - Vice","CRC","Criminal citation","CDS: Heroin","Ward 5","OOC","Farmington","OOS","MO","White","Woman",30,"30-39","Officer"
"194",1689,170514664,2017-06-20,"2017","06","Traffic","Miscellaneous","SVC","Warrant-service arrest","Warrant Service","Ward 6","OOC","Fairfax","VA","VA","Black","Man",47,"40-49","Detail"
"195",1690,170514612,2017-06-19,"2017","06","Traffic","Part II - Vice","CA","Arrest","CDS: Felony Marijuana","Ward 4","OOC","Hyattsville","Prince George's","MD","White","Man",26,"18-29","Detail"
"196",1691,170513002,2017-06-11,"2017","06","Traffic","Part II - Safety","CA","Arrest","DUI","Ward 5","OOC","Glen Burnie","Anne Arundel","MD","Hispanic","Man",27,"18-29","Officer"
"197",1692,170513007,2017-06-11,"2017","06","Traffic","Part II - Safety","CA","Arrest","DUI","Ward 1","OOC","Baltimore","Baltimore","MD","Black","Woman",27,"18-29","Officer"
"198",1693,170512226,2017-06-07,"2017","06","Traffic","Miscellaneous","SVC","Warrant-service arrest","Warrant Service","Ward 6","OOC","Baltimore","Baltimore","MD","Hispanic","Man",41,"40-49","Officer"
"199",1694,170510783,2017-05-31,"2017","05","Traffic","Part II - Safety","CA","Arrest","DUI","Ward 1","OOC","Coatesville","OOS","PA","White","Man",44,"40-49","Public"
"200",1695,170510607,2017-05-30,"2017","05","Traffic","Miscellaneous","SVC","Warrant-service arrest","Warrant Service","Ward 6","OOC","Silver Spring","Montgomery","MD","Hispanic","Man",34,"30-39","Officer"
"201",1696,170510123,2017-05-27,"2017","05","Traffic","Part II - Safety","CA","Arrest","DUI","Ward 6","OOC","Hyattsville","Prince George's","MD","Black","Man",32,"30-39","Public"
"202",1697,170507681,2017-05-15,"2017","05","Traffic","Miscellaneous","SVC","Warrant-service arrest","Warrant Service","Ward 6","UNK","UNK","UNK","UNK","Black","Man",25,"18-29","Officer"
"203",1698,170506222,2017-05-06,"2017","05","Traffic","Part II - Safety","CA","Arrest","DUI","Ward 6","OOC","Germantown","Montgomery","MD","Black","Man",41,"40-49","Officer"
"204",1699,170503104,2017-04-30,"2017","04","Traffic","Miscellaneous","SVC","Warrant-service arrest","Warrant Service","Ward 6","OOC","Washington","DC","DC","Black","Man",28,"18-29","Detail"
"205",1700,170504849,2017-04-29,"2017","04","Traffic","Part II - Safety","CA","Arrest","DUI","Ward 5","Ward 5","Takoma Park","Takoma Park (MC)","MD","Black","Man",57,"50-59","Officer"
"206",1701,170501006,2017-04-08,"2017","04","Traffic","Part II - Safety","CA","Arrest","DUI","Ward 4","OOC","Silver Spring","Montgomery","MD","White","Man",22,"18-29","Public"
"207",1702,170500804,2017-04-07,"2017","04","Traffic","Part II - Violent","CA","Arrest","Assault","Ward 6","OOC","Leesburg","VA","VA","White","Woman",18,"18-29","Officer"
"208",1703,17015650,2017-03-27,"2017","03","Traffic","Miscellaneous","SVC","Warrant-service arrest","Warrant Service","Ward 6","OOC","Hyattsville","Prince George's","MD","Black","Man",63,"60-69","Detail"
"209",1704,17015172,2017-03-25,"2017","03","Traffic","Miscellaneous","CA","Arrest","All Other - Traffic","Ward 6","OOC","Hyattsville","Prince George's","MD","Hispanic","Man",22,"18-29","Officer"
"210",1705,17014541,2017-03-22,"2017","03","Traffic","Part II - Vice","CA","Arrest","CDS: Felony Marijuana","Ward 6","OOC","Hyattsville","Prince George's","MD","Hispanic","Man",22,"18-29","Detail"
"211",1706,17014541,2017-03-22,"2017","03","Traffic","Part II - Vice","CA","Arrest","CDS: Felony Marijuana","Ward 6","OOC","Hyattsville","Prince George's","MD","Hispanic","Man",21,"18-29","Detail"
"212",1707,17014019,2017-03-19,"2017","03","Traffic","Part II - Safety","CA","Arrest","DUI","Ward 5","OOC","Silver Spring","Montgomery","MD","Hispanic","Man",40,"40-49","Officer"
"213",1708,17008809,2017-02-18,"2017","02","Traffic","Part II - Safety","CA","Arrest","DUI","Ward 5","OOC","Henrico","VA","VA","Black","Woman",31,"30-39","Officer"
"214",1709,17007463,2017-02-11,"2017","02","Traffic","Miscellaneous","CA","Arrest","All Other - Traffic","Ward 6","OOC","Hyattsville","Prince George's","MD","Hispanic","Man",28,"18-29","Officer"
"215",1710,17006780,2017-02-08,"2017","02","Traffic","Miscellaneous","CA","Arrest","All Other - Criminal","Ward 6","OOC","TP unincorporated (PG)","Prince George's","MD","Black","Man",19,"18-29","Officer"
"216",1711,17006809,2017-02-08,"2017","02","Traffic","Miscellaneous","SVC","Warrant-service arrest","Warrant Service","Ward 6","OOC","Mount Rainier","Prince George's","MD","Hispanic","Man",20,"18-29","Officer"
"217",1712,17005516,2017-02-04,"2017","02","Traffic","Part II - Safety","CA","Arrest","DUI","Ward 6","OOC","Hyattsville","Prince George's","MD","Hispanic","Man",35,"30-39","Officer"
"218",1713,17003378,2017-01-26,"2017","01","Traffic","Part II - Safety","CA","Arrest","Weapons Violation","Ward 6","OOC","TP unincorporated (MC)","Montgomery","MD","Black","Man",19,"18-29","Detail"
"219",1714,17003378,2017-01-26,"2017","01","Traffic","Part II - Safety","APP","Application for charges","Weapons Violation","Ward 6","OOC","TP unincorporated (MC)","Montgomery","MD","Black","Man",22,"18-29","Detail"
"220",1715,17001049,2017-01-12,"2017","01","Traffic","Part II - Safety","CA","Arrest","Weapons Violation","Ward 5","OOC","Manassas","OOS","VA","White","Man",21,"18-29","Detail"
"221",1716,17001049,2017-01-12,"2017","01","Traffic","Part II - Safety","CRC","Criminal citation","Weapons Violation","Ward 5","OOC","Woodbridge","VA","VA","White","Woman",25,"18-29","Detail"
"222",1717,17001049,2017-01-12,"2017","01","Traffic","Part II - Safety","CA","Arrest","Weapons Violation","Ward 5","OOC","Woodbridge","VA","VA","White","Man",34,"30-39","Detail"
"223",1718,17001096,2017-01-07,"2017","01","Traffic","Part II - Nuisance","CA","Arrest","Disorderly Conduct","Ward 2","OOC","Hyattsville","Prince George's","MD","Black","Man",32,"30-39","Detail"
"224",1719,17000718,2017-01-06,"2017","01","Traffic","Miscellaneous","CA","Arrest","All Other - Criminal","Ward 6","Ward 5","Takoma Park","Takoma Park (MC)","MD","Black","Man",54,"50-59","Detail"
"225",1720,17000002,2017-01-01,"2017","01","Traffic","Part II - Safety","CA","Arrest","DUI","Ward 6","OOC","Silver Spring","Montgomery","MD","White","Man",31,"30-39","Public"
"226",1721,16044273,2016-12-20,"2016","12","Traffic","Part II - Vice","CRC","Criminal citation","CDS: Heroin","Ward 5","OOC","Woodbridge","VA","VA","White","Woman",36,"30-39","Detail"
"227",1722,16044273,2016-12-20,"2016","12","Traffic","Part II - Vice","CRC","Criminal citation","CDS: Heroin","Ward 5","OOC","Woodbridge","VA","VA","White","Woman",30,"30-39","Detail"
"228",1723,16044273,2016-12-20,"2016","12","Traffic","Miscellaneous","SVC","Warrant-service arrest","Warrant Service","Ward 5","OOC","Woodbridge","VA","VA","White","Woman",30,"30-39","Detail"
"229",1724,16063950,2016-12-13,"2016","12","Traffic","Part I - Property","CA","Arrest","Theft from Auto","Ward 6","OOC","Silver Spring","Montgomery","MD","Hispanic","Man",21,"18-29","Officer"
"230",1725,16063950,2016-12-13,"2016","12","Traffic","Part I - Property","CA","Arrest","Theft from Auto","Ward 6","OOC","Silver Spring","Montgomery","MD","Hispanic","Man",18,"18-29","Officer"
"231",1726,16063950,2016-12-13,"2016","12","Traffic","Part I - Property","CA","Arrest","Theft from Auto","Ward 6","OOC","TP unincorporated (PG)","Prince George's","MD","Hispanic","Man",17,"10-17","Officer"
"232",1727,16063950,2016-12-13,"2016","12","Traffic","Part I - Property","CA","Arrest","Theft from Auto","Ward 6","OOC","Silver Spring","Montgomery","MD","Hispanic","Man",21,"18-29","Officer"
"233",1728,16060981,2016-11-28,"2016","11","Traffic","Part II - Safety","CA","Arrest","DUI","Ward 6","OOC","Springfield","VA","VA","Hispanic","Man",51,"50-59","Officer"
"234",1729,16060789,2016-11-27,"2016","11","Traffic","Part II - Safety","CA","Arrest","DUI","Ward 6","OOC","Hyattsville","Prince George's","MD","Hispanic","Man",34,"30-39","Officer"
"235",1730,16059011,2016-11-25,"2016","11","Traffic","Part II - Safety","CA","Arrest","Weapons Violation","Ward 6","OOC","Hyattsville","Prince George's","MD","Black","Man",22,"18-29","Officer"
"236",1731,16059011,2016-11-25,"2016","11","Traffic","Part II - Safety","CA","Arrest","Weapons Violation","Ward 6","OOC","Hyattsville","Prince George's","MD","Black","Man",22,"18-29","Officer"
"237",1732,16059321,2016-11-18,"2016","11","Traffic","Miscellaneous","SVC","Warrant-service arrest","Warrant Service","Ward 6","OOC","Hyattsville","Prince George's","MD","Hispanic","Man",40,"40-49","Officer"
"238",1733,16058477,2016-11-14,"2016","11","Traffic","Part II - Safety","CA","Arrest","DUI","Ward 5","OOC","TP unincorporated (MC)","Montgomery","MD","Hispanic","Man",35,"30-39","Public"
"239",1734,16058130,2016-11-11,"2016","11","Traffic","Part II - Vice","CA","Arrest","CDS: Cocaine","Ward 3","OOC","Washington","DC","DC","Hispanic","Man",34,"30-39","Officer"
"240",1735,16057935,2016-11-10,"2016","11","Traffic","Miscellaneous","CA","Arrest","All Other - Traffic","Ward 6","OOC","Gaithersburg","Montgomery","MD","Hispanic","Man",45,"40-49","Officer"
"241",1736,16057032,2016-11-08,"2016","11","Traffic","Part II - Safety","CA","Arrest","DUI","Ward 6","OOC","Hyattsville","Prince George's","MD","Hispanic","Man",31,"30-39","Detail"
"242",1737,16055844,2016-10-30,"2016","10","Traffic","Miscellaneous","SVC","Warrant-service arrest","Warrant Service","Ward 6","OOC","Laurel","Prince George's","MD","Black","Man",27,"18-29","Officer"
"243",1738,16054507,2016-10-24,"2016","10","Traffic","Part II - Safety","CA","Arrest","DUI","Ward 6","OOC","Silver Spring","Montgomery","MD","Hispanic","Man",31,"30-39","Officer"
"244",1739,16053706,2016-10-19,"2016","10","Traffic","Part II - Safety","CA","Arrest","DUI","Ward 5","OOC","Silver Spring","Montgomery","MD","Black","Man",33,"30-39","Officer"
"245",1740,16053493,2016-10-18,"2016","10","Traffic","Miscellaneous","CA","Arrest","All Other - Traffic","Ward 6","OOC","Hyattsville","Prince George's","MD","Hispanic","Man",32,"30-39","Officer"
"246",1741,16052692,2016-10-13,"2016","10","Traffic","Part II - Safety","CA","Arrest","DUI","Ward 2","Ward 6","Takoma Park","Takoma Park (MC)","MD","White","Man",29,"18-29","Public"
"247",1742,16049055,2016-09-29,"2016","09","Traffic","Part II - Vice","CA","Arrest","CDS: Felony Marijuana","Ward 6","OOC","Washington","DC","DC","Black","Man",59,"50-59","Detail"
"248",1743,16045054,2016-09-03,"2016","09","Traffic","Part II - Safety","CA","Arrest","DUI","Ward 6","OOC","Silver Spring","Montgomery","MD","Hispanic","Man",28,"18-29","Officer"
"249",1744,16043363,2016-08-26,"2016","08","Traffic","Miscellaneous","SVC","Warrant-service arrest","Warrant Service","Ward 6","OOC","Hyattsville","Prince George's","MD","Hispanic","Man",24,"18-29","Officer"
"250",1745,16042998,2016-08-24,"2016","08","Traffic","Miscellaneous","CA","Arrest","All Other - Traffic","Ward 1","OOC","Washington","DC","DC","Black","Woman",60,"60-69","Detail"
"251",1746,16042536,2016-08-22,"2016","08","Traffic","Part II - Safety","CA","Arrest","DUI","Ward 6","Ward 6","Takoma Park","Takoma Park (MC)","MD","Hispanic","Man",42,"40-49","Officer"
"252",1747,16040625,2016-08-16,"2016","08","Traffic","Part II - Vice","APP","Application for charges","CDS: Marijuana","Ward 6","Ward 6","Takoma Park","Takoma Park (MC)","MD","Hispanic","Man",20,"18-29","Detail"
"253",1748,16041363,2016-08-15,"2016","08","Traffic","Miscellaneous","SVC","Warrant-service arrest","Warrant Service","Ward 6","OOC","Brandywine","Prince George's","MD","Hispanic","Man",26,"18-29","Officer"
"254",1749,16040778,2016-08-12,"2016","08","Traffic","Part II - Safety","CA","Arrest","DUI","Ward 6","OOC","Rockville","Montgomery","MD","Hispanic","Man",53,"50-59","Officer"
"255",1750,16037927,2016-07-27,"2016","07","Traffic","Miscellaneous","SVC","Warrant-service arrest","Warrant Service","Ward 6","OOC","Rockville","Montgomery","MD","Black","Man",27,"18-29","Officer"
"256",1751,16037412,2016-07-25,"2016","07","Traffic","Miscellaneous","APP","Application for charges","All Other - Criminal","Ward 6","OOC","Camp Springs","Prince George's","MD","Black","Man",21,"18-29","Officer"
"257",1752,16037434,2016-07-25,"2016","07","Traffic","Part II - Safety","CA","Arrest","DUI","Ward 6","OOC","Olmstead","OOS","OH","Hispanic","Man",32,"30-39","Officer"
"258",1753,16037318,2016-07-23,"2016","07","Traffic","Miscellaneous","SVC","Warrant-service arrest","Warrant Service","Ward 6","OOC","Silver Spring","Montgomery","MD","Hispanic","Woman",41,"40-49","Officer"
"259",1754,16036853,2016-07-22,"2016","07","Traffic","Part II - Safety","CA","Arrest","DUI","Ward 6","OOC","TP unincorporated (PG)","Prince George's","MD","Hispanic","Man",37,"30-39","Officer"
"260",1755,16036990,2016-07-22,"2016","07","Traffic","Part II - Vice","CA","Arrest","CDS: Felony Marijuana","Ward 2","OOC","Silver Spring","Montgomery","MD","Black","Man",21,"18-29","Detail"
"261",1756,16036990,2016-07-22,"2016","07","Traffic","Part II - Vice","CA","Arrest","CDS: Felony Marijuana","Ward 2","OOC","College Park","Prince George's","MD","Black","Man",20,"18-29","Detail"
"262",1757,16037020,2016-07-22,"2016","07","Traffic","Part II - Violent","APP","Application for charges","Sex Offense","Ward 3","OOC","Hyattsville","Prince George's","MD","Black","Man",55,"50-59","Officer"
"263",1758,16037160,2016-07-22,"2016","07","Traffic","Miscellaneous","SVC","Warrant-service arrest","Warrant Service","Ward 5","Ward 5","Takoma Park","Takoma Park (MC)","MD","Black","Man",37,"30-39","Officer"
"264",1759,16035013,2016-07-11,"2016","07","Traffic","Part II - Safety","CA","Arrest","DUI","Ward 6","OOC","Hyattsville","Prince George's","MD","Hispanic","Man",23,"18-29","Public"
"265",1760,16035009,2016-07-10,"2016","07","Traffic","Miscellaneous","JVA","Juvenile arrest","All Other - Criminal","Ward 6","OOC","TP unincorporated (MC)","Montgomery","MD","Hispanic","Woman",16,"10-17","Officer"
"266",1761,16030961,2016-06-28,"2016","06","Traffic","Part II - Safety","CA","Arrest","DUI","Ward 2","OOC","Beltsville","Prince George's","MD","Black","Man",29,"18-29","Officer"
"267",1762,16032601,2016-06-28,"2016","06","Traffic","Part II - Safety","CA","Arrest","DUI","Ward 2","OOC","Stafford","VA","VA","Hispanic","Woman",43,"40-49","Public"
"268",1763,16030578,2016-06-17,"2016","06","Traffic","Miscellaneous","SVC","Warrant-service arrest","Warrant Service","Ward 6","OOC","Forrestville","Prince George's","MD","Black","Man",27,"18-29","Officer"
"269",1764,16029499,2016-06-12,"2016","06","Traffic","Miscellaneous","CA","Arrest","All Other - Criminal","Ward 6","OOC","Montgomery Village","Montgomery","MD","Black","Man",23,"18-29","Officer"
"270",1765,16028081,2016-06-10,"2016","06","Traffic","Part II - Safety","CA","Arrest","DUI","Ward 3","Ward 2","Takoma Park","Takoma Park (MC)","MD","Black","Man",40,"40-49","Officer"
"271",1766,16028075,2016-06-05,"2016","06","Traffic","Part II - Safety","CA","Arrest","DUI","Ward 6","OOC","Silver Spring","Montgomery","MD","Hispanic","Man",53,"50-59","Officer"
"272",1767,16027937,2016-06-04,"2016","06","Traffic","Part II - Safety","CA","Arrest","DUI","Ward 6","OOC","Silver Spring","Montgomery","MD","Black","Man",43,"40-49","Officer"
"273",1768,16031918,2016-06-04,"2016","06","Traffic","Miscellaneous","SVC","Warrant-service arrest","Warrant Service","Ward 2","OOC","Alexandria","VA","VA","Hispanic","Man",32,"30-39","Officer"
"274",1769,16027715,2016-06-03,"2016","06","Traffic","Miscellaneous","SVC","Warrant-service arrest","Warrant Service","Ward 6","OOC","Gaithersburg","Montgomery","MD","Black","Man",23,"18-29","Officer"
"275",1770,16025163,2016-06-01,"2016","06","Traffic","Part II - Safety","CA","Arrest","Weapons Violation","Ward 1","OOC","District Heights","Prince George's","MD","Black","Man",26,"18-29","Detail"
"276",1771,16026872,2016-05-30,"2016","05","Traffic","Part II - Safety","CA","Arrest","DUI","Ward 6","OOC","Hyattsville","Prince George's","MD","Hispanic","Man",24,"18-29","Officer"
"277",1772,16026845,2016-05-30,"2016","05","Traffic","Part II - Safety","CA","Arrest","DUI","Ward 5","OOC","Hyattsville","Prince George's","MD","Hispanic","Man",32,"30-39","Public"
"278",1773,16026715,2016-05-29,"2016","05","Traffic","Part II - Safety","CA","Arrest","DUI","Ward 6","OOC","Mount Rainier","Prince George's","MD","Hispanic","Man",34,"30-39","Detail"
"279",1774,16026084,2016-05-26,"2016","05","Traffic","Part II - Safety","CA","Arrest","DUI","Ward 1","OOC","Adelphi","Prince George's","MD","Hispanic","Man",34,"30-39","Public"
"280",1775,16025935,2016-05-25,"2016","05","Traffic","Part II - Vice","CA","Arrest","CDS: Cocaine","Ward 5","OOC","Laurel","Prince George's","MD","Black","Man",54,"50-59","Officer"
"281",1776,16022231,2016-05-05,"2016","05","Traffic","Miscellaneous","SVC","Warrant-service arrest","Warrant Service","Ward 3","OOC","Rockville","Montgomery","MD","White","Man",57,"50-59","Officer"
"282",1777,16018603,2016-04-16,"2016","04","Traffic","Part II - Safety","CA","Arrest","DUI","Ward 3","OOC","TP unincorporated (MC)","Montgomery","MD","Hispanic","Man",30,"30-39","Officer"
"283",1778,16018535,2016-04-15,"2016","04","Traffic","Miscellaneous","SVC","Warrant-service arrest","Warrant Service","Ward 6","OOC","Hyattsville","Prince George's","MD","Black","Man",26,"18-29","Officer"
"284",1779,16016752,2016-04-06,"2016","04","Traffic","Miscellaneous","SVC","Warrant-service arrest","Warrant Service","Ward 6","OOC","Hyattsville","Prince George's","MD","Black","Man",40,"40-49","Officer"
"285",1780,16014853,2016-03-26,"2016","03","Traffic","Miscellaneous","SVC","Warrant-service arrest","Warrant Service","Ward 6","Ward 5","Takoma Park","Takoma Park (MC)","MD","White","Woman",35,"30-39","Detail"
"286",1781,16013773,2016-03-21,"2016","03","Traffic","Part II - Vice","CRC","Criminal citation","CDS: Paraphernalia","Ward 6","OOC","Hyattsville","Prince George's","MD","Black","Man",32,"30-39","Officer"
"287",1782,16013657,2016-03-20,"2016","03","Traffic","Part II - Safety","CA","Arrest","DUI","Ward 6","OOC","Silver Spring","Montgomery","MD","Black","Man",27,"18-29","Officer"
"288",1783,16013095,2016-03-18,"2016","03","Traffic","Part II - Safety","CA","Arrest","Weapons Violation","Ward 6","OOC","Washington","DC","DC","Black","Man",41,"40-49","Officer"
"289",1784,16012529,2016-03-17,"2016","03","Traffic","Part II - Safety","CA","Arrest","DUI","Ward 6","OOC","Silver Spring","Montgomery","MD","Black","Man",42,"40-49","Officer"
"290",1785,16012895,2016-03-16,"2016","03","Traffic","Miscellaneous","SVC","Warrant-service arrest","Warrant Service","Ward 1","OOC","Hyattsville","Prince George's","MD","Black","Man",22,"18-29","Officer"
"291",1786,16012678,2016-03-15,"2016","03","Traffic","Miscellaneous","SVC","Warrant-service arrest","Warrant Service","Ward 2","OOC","Hyattsville","Prince George's","MD","Hispanic","Woman",43,"40-49","Officer"
"292",1787,16012265,2016-03-13,"2016","03","Traffic","Part II - Safety","CA","Arrest","DUI","Ward 3","OOC","Washington","DC","DC","Hispanic","Man",23,"18-29","Officer"
"293",1788,16012411,2016-03-13,"2016","03","Traffic","Part II - Safety","CA","Arrest","DUI","Ward 6","OOC","Mount Rainier","Prince George's","MD","Hispanic","Man",22,"18-29","Officer"
"294",1789,16012052,2016-03-11,"2016","03","Traffic","Miscellaneous","SVC","Warrant-service arrest","Warrant Service","Ward 6","OOC","Hyattsville","Prince George's","MD","Hispanic","Man",37,"30-39","Officer"
"295",1790,16011223,2016-03-07,"2016","03","Traffic","Part II - Safety","CA","Arrest","DUI","Ward 1","OOC","College Park","Prince George's","MD","Black","Man",36,"30-39","Officer"
"296",1791,16010544,2016-03-03,"2016","03","Traffic","Part I - Violent","CA","Arrest","Aggravated Assault","Ward 6","OOC","Beltsville","Prince George's","MD","Black","Man",48,"40-49","Detail"
"297",1792,16010378,2016-03-02,"2016","03","Traffic","Part II - Safety","CA","Arrest","Weapons Violation","Ward 1","OOC","Washington","DC","DC","Black","Man",22,"18-29","Officer"
"298",1793,16009707,2016-02-27,"2016","02","Traffic","Part II - Safety","CA","Arrest","DUI","Ward 6","OOC","Silver Spring","Montgomery","MD","Hispanic","Man",33,"30-39","Officer"
"299",1794,16008664,2016-02-21,"2016","02","Traffic","Miscellaneous","SVC","Warrant-service arrest","Warrant Service","Ward 6","Ward 3","Takoma Park","Takoma Park (MC)","MD","Black","Woman",22,"18-29","Officer"
"300",1795,16008750,2016-02-21,"2016","02","Traffic","Part II - Vice","CA","Arrest","CDS: Cocaine","Ward 6","OOC","TP unincorporated (MC)","Montgomery","MD","Hispanic","Man",30,"30-39","Officer"
"301",1796,16005760,2016-02-19,"2016","02","Traffic","Part II - Safety","CA","Arrest","DUI","Ward 2","OOC","Beltsville","Prince George's","MD","Hispanic","Man",27,"18-29","Officer"
"302",1797,16006990,2016-02-11,"2016","02","Traffic","Part II - Vice","CRC","Criminal citation","CDS: Marijuana","Ward 6","OOC","Germantown","Montgomery","MD","Black","Woman",49,"40-49","Officer"
"303",1798,16006990,2016-02-11,"2016","02","Traffic","Part II - Vice","CRC","Criminal citation","CDS: Marijuana","Ward 6","UNK","UNK","UNK","UNK","White","Woman",33,"30-39","Officer"
"304",1799,16007082,2016-02-11,"2016","02","Traffic","Part II - Vice","APP","Application for charges","CDS: Cocaine","Ward 6","Ward 1","Takoma Park","Takoma Park (MC)","MD","White","Woman",56,"50-59","Officer"
"305",1800,16006571,2016-02-08,"2016","02","Traffic","Miscellaneous","SVC","Warrant-service arrest","Warrant Service","Ward 6","OOC","Silver Spring","Montgomery","MD","Hispanic","Man",49,"40-49","Officer"
"306",1801,16005533,2016-02-05,"2016","02","Traffic","Part II - Safety","CA","Arrest","DUI","Ward 6","OOC","Silver Spring","Montgomery","MD","Hispanic","Man",38,"30-39","Public"
"307",1802,16002906,2016-01-27,"2016","01","Traffic","Part II - Vice","CRC","Criminal citation","CDS: Paraphernalia","Ward 6","OOC","Hancock","Washington","MD","Black","Man",58,"50-59","Detail"
"308",1803,16004320,2016-01-27,"2016","01","Traffic","Part II - Safety","CA","Arrest","DUI","Ward 6","OOC","Hyattsville","Prince George's","MD","Hispanic","Man",30,"30-39","Officer"
"309",1804,16003548,2016-01-20,"2016","01","Traffic","Part II - Vice","CA","Arrest","CDS: Marijuana","Ward 6","OOC","Silver Spring","Montgomery","MD","Black","Man",23,"18-29","Officer"
"310",1805,16003158,2016-01-17,"2016","01","Traffic","Miscellaneous","SVC","Warrant-service arrest","Warrant Service","Ward 6","UNK","UNK","UNK","UNK","White","Man",54,"50-59","Officer"
"311",1806,16002691,2016-01-15,"2016","01","Traffic","Miscellaneous","SVC","Warrant-service arrest","Warrant Service","Ward 6","OOC","Laurel","Howard","MD","Black","Man",34,"30-39","Detail"
"312",1807,16000854,2016-01-12,"2016","01","Traffic","Miscellaneous","SVC","Warrant-service arrest","Warrant Service","Ward 5","OOC","Washington","DC","DC","Black","Man",30,"30-39","Officer"
"313",1808,16002043,2016-01-12,"2016","01","Traffic","Part II - Safety","CA","Arrest","DUI","Ward 6","OOC","Hyattsville","Prince George's","MD","Hispanic","Man",36,"30-39","Officer"
"314",1809,15066328,2015-12-29,"2015","12","Traffic","Part II - Safety","CA","Arrest","Weapons Violation","OOC","OOC","Beltsville","Prince George's","MD","Hispanic","Man",19,"18-29","Detail"
"315",1810,15066328,2015-12-29,"2015","12","Traffic","Part II - Safety","CA","Arrest","Weapons Violation","OOC","OOC","Colmar Manor","Prince George's","MD","Hispanic","Woman",26,"18-29","Detail"
"316",1811,15066438,2015-12-27,"2015","12","Traffic","Miscellaneous","SVC","Warrant-service arrest","Warrant Service","Ward 3","OOC","Silver Spring","Montgomery","MD","Black","Man",50,"50-59","Officer"
"317",1812,15065590,2015-12-27,"2015","12","Traffic","Part II - Safety","CA","Arrest","DUI","Ward 5","OOC","Montgomery Village","Montgomery","MD","White","Man",31,"30-39","Public"
"318",1813,15065862,2015-12-24,"2015","12","Traffic","Part II - Safety","CA","Arrest","DUI","OOC","OOC","Adelphi","Prince George's","MD","Hispanic","Man",33,"30-39","Detail"
"319",1814,15065672,2015-12-23,"2015","12","Traffic","Miscellaneous","SVC","Warrant-service arrest","Warrant Service","Ward 2","OOC","TP unincorporated (MC)","Montgomery","MD","Hispanic","Man",29,"18-29","Officer"
"320",1815,15065410,2015-12-22,"2015","12","Traffic","Part II - Safety","CA","Arrest","DUI","Ward 6","OOC","Silver Spring","Montgomery","MD","Hispanic","Man",24,"18-29","Officer"
"321",1816,15065024,2015-12-21,"2015","12","Traffic","Part II - Safety","CA","Arrest","DUI","OOC","OOC","Silver Spring","Montgomery","MD","Hispanic","Man",25,"18-29","Detail"
"322",1817,15065067,2015-12-21,"2015","12","Traffic","Part II - Safety","CA","Arrest","DUI","OOC","OOC","Silver Spring","Montgomery","MD","Hispanic","Man",29,"18-29","Detail"
"323",1818,15064819,2015-12-19,"2015","12","Traffic","Part II - Safety","CA","Arrest","DUI","Ward 6","OOC","Hyattsville","Prince George's","MD","Hispanic","Man",40,"40-49","Officer"
"324",1819,15064176,2015-12-16,"2015","12","Traffic","Part II - Safety","CA","Arrest","DUI","Ward 6","OOC","Rockville","Montgomery","MD","Hispanic","Man",30,"30-39","Officer"
"325",1820,15063492,2015-12-13,"2015","12","Traffic","Part II - Safety","CA","Arrest","DUI","Ward 6","OOC","Washington","DC","DC","Hispanic","Woman",23,"18-29","Officer"
"326",1821,15062994,2015-12-12,"2015","12","Traffic","Part II - Safety","CA","Arrest","DUI","Ward 5","OOC","Adelphi","Prince George's","MD","Hispanic","Man",21,"18-29","Detail"
"327",1822,15063220,2015-12-11,"2015","12","Traffic","Part II - Safety","CA","Arrest","DUI","Ward 6","OOC","Laurel","Prince George's","MD","Hispanic","Man",41,"40-49","Officer"
"328",1823,15062411,2015-12-07,"2015","12","Traffic","Part II - Safety","CA","Arrest","DUI","Ward 6","OOC","Silver Spring","Montgomery","MD","Hispanic","Man",26,"18-29","Officer"
"329",1824,15062095,2015-12-05,"2015","12","Traffic","Part II - Safety","CA","Arrest","DUI","Ward 2","OOC","Mount Rainier","Prince George's","MD","Hispanic","Man",28,"18-29","Officer"
"330",1825,15061616,2015-12-02,"2015","12","Traffic","Miscellaneous","CA","Arrest","All Other - Traffic","Ward 6","Ward 2","Takoma Park","Takoma Park (MC)","MD","Hispanic","Man",63,"60-69","Officer"
"331",1826,15060750,2015-11-28,"2015","11","Traffic","Part II - Safety","CA","Arrest","DUI","OOC","OOC","Hyattsville","Prince George's","MD","Hispanic","Man",18,"18-29","Detail"
"332",1827,15059971,2015-11-24,"2015","11","Traffic","Part II - Safety","CA","Arrest","DUI","Ward 6","OOC","Silver Spring","Montgomery","MD","Black","Man",63,"60-69","Officer"
"333",1828,15059461,2015-11-23,"2015","11","Traffic","Part II - Safety","CA","Arrest","DUI","Ward 6","OOC","Suitland","Prince George's","MD","Hispanic","Man",21,"18-29","Officer"
"334",1829,15059597,2015-11-21,"2015","11","Traffic","Miscellaneous","SVC","Warrant-service arrest","Warrant Service","OOC","OOC","Gaithersburg","Montgomery","MD","Black","Woman",27,"18-29","Officer"
"335",1830,15059227,2015-11-20,"2015","11","Traffic","Miscellaneous","SVC","Warrant-service arrest","Warrant Service","Ward 6","OOC","Temple Hills","Prince George's","MD","Black","Man",23,"18-29","Officer"
"336",1831,15058387,2015-11-17,"2015","11","Traffic","Part II - Safety","CA","Arrest","DUI","OOC","OOC","Hyattsville","Prince George's","MD","Hispanic","Man",36,"30-39","Officer"
"337",1832,15057986,2015-11-15,"2015","11","Traffic","Miscellaneous","CA","Arrest","All Other - Traffic","Ward 6","OOC","Hyattsville","Prince George's","MD","Hispanic","Woman",42,"40-49","Officer"
"338",1833,15057567,2015-11-11,"2015","11","Traffic","Part II - Vice","CRC","Criminal citation","CDS: Felony Marijuana","Ward 5","OOC","Silver Spring","Montgomery","MD","Hispanic","Man",30,"30-39","Officer"
"339",1834,15057460,2015-11-11,"2015","11","Traffic","Miscellaneous","APP","Application for charges","All Other - Traffic","Ward 4","OOC","Washington","DC","DC","Black","Man",26,"18-29","Detail"
"340",1835,15056112,2015-11-04,"2015","11","Traffic","Miscellaneous","SVC","Warrant-service arrest","Warrant Service","Ward 3","OOC","Upper Marlboro","Prince George's","MD","Black","Man",28,"18-29","Officer"
"341",1836,15055253,2015-10-30,"2015","10","Traffic","Part II - Vice","CRC","Criminal citation","CDS: Paraphernalia","Ward 2","OOC","Washington","DC","DC","White","Man",23,"18-29","Officer"
"342",1837,15054256,2015-10-26,"2015","10","Traffic","Part II - Safety","CA","Arrest","DUI","Ward 6","OOC","Hyattsville","Prince George's","MD","Hispanic","Man",34,"30-39","Officer"
"343",1838,15053517,2015-10-22,"2015","10","Traffic","Part II - Vice","CA","Arrest","CDS: Felony Marijuana","Ward 6","OOC","Alexandria","VA","VA","Black","Man",25,"18-29","Officer"
"344",1839,15052679,2015-10-17,"2015","10","Traffic","Part II - Safety","CA","Arrest","DUI","Ward 4","OOC","Chevy Chase","Montgomery","MD","Black","Man",35,"30-39","Public"
"345",1840,15051325,2015-10-12,"2015","10","Traffic","Part II - Safety","CA","Arrest","DUI","Ward 4","Ward 4","Takoma Park","Takoma Park (MC)","MD","Black","Man",27,"18-29","Public"
"346",1841,15050911,2015-10-08,"2015","10","Traffic","Miscellaneous","SVC","Warrant-service arrest","Warrant Service","Ward 6","OOC","Hyattsville","Prince George's","MD","Black","Woman",31,"30-39","Officer"
"347",1842,15050171,2015-10-03,"2015","10","Traffic","Miscellaneous","SVC","Warrant-service arrest","Warrant Service","Ward 6","OOC","Silver Spring","Montgomery","MD","Hispanic","Man",28,"18-29","Officer"
"348",1843,15048798,2015-09-26,"2015","09","Traffic","Part II - Vice","CA","Arrest","CDS: Marijuana","Ward 6","OOC","Silver Spring","Montgomery","MD","Hispanic","Man",18,"18-29","Officer"
"349",1844,15047617,2015-09-20,"2015","09","Traffic","Part II - Safety","CA","Arrest","DUI","Ward 6","OOC","Hyattsville","Prince George's","MD","Hispanic","Man",37,"30-39","Public"
"350",1845,15047607,2015-09-20,"2015","09","Traffic","Part II - Safety","CA","Arrest","DUI","Ward 6","OOC","Hyattsville","Prince George's","MD","Hispanic","Man",39,"30-39","Officer"
"351",1846,15047537,2015-09-19,"2015","09","Traffic","Part II - Vice","CRC","Criminal citation","CDS: Marijuana","Ward 6","OOC","Washington","DC","DC","Black","Woman",32,"30-39","Officer"
"352",1847,15047126,2015-09-18,"2015","09","Traffic","Miscellaneous","CA","Arrest","All Other - Traffic","Ward 6","OOC","Queens","OOS","NY","Black","Man",21,"18-29","Detail"
"353",1848,15045940,2015-09-11,"2015","09","Traffic","Miscellaneous","SVC","Warrant-service arrest","Warrant Service","Ward 6","OOC","Washington Grove","Montgomery","MD","Black","Woman",48,"40-49","Officer"
"354",1849,15045940,2015-09-11,"2015","09","Traffic","Miscellaneous","SVC","Warrant-service arrest","Warrant Service","Ward 6","OOC","Gaithersburg","Montgomery","MD","Black","Man",32,"30-39","Officer"
"355",1850,15045940,2015-09-11,"2015","09","Traffic","Miscellaneous","SVC","Warrant-service arrest","Warrant Service","Ward 6","OOC","Washington Grove","Montgomery","MD","Black","Woman",26,"18-29","Officer"
"356",1851,15045049,2015-09-09,"2015","09","Traffic","Part II - Safety","CA","Arrest","DUI","Ward 5","OOC","Hyattsville","Prince George's","MD","Hispanic","Man",33,"30-39","Officer"
"357",1852,15043661,2015-08-31,"2015","08","Traffic","Part II - Safety","CA","Arrest","DUI","Ward 6","OOC","Bowie","Prince George's","MD","Hispanic","Man",24,"18-29","Officer"
"358",1853,15043363,2015-08-29,"2015","08","Traffic","Part II - Vice","CA","Arrest","CDS: Marijuana","Ward 6","OOC","Washington","DC","DC","Black","Man",19,"18-29","Officer"
"359",1854,15043254,2015-08-28,"2015","08","Traffic","Miscellaneous","SVC","Warrant-service arrest","Warrant Service","Ward 5","Ward 5","Takoma Park","Takoma Park (MC)","MD","Black","Woman",33,"30-39","Officer"
"360",1855,15042096,2015-08-22,"2015","08","Traffic","Miscellaneous","SVC","Warrant-service arrest","Warrant Service","Ward 6","OOC","Hyattsville","Prince George's","MD","Black","Man",27,"18-29","Officer"
"361",1856,15041065,2015-08-17,"2015","08","Traffic","Miscellaneous","SVC","Warrant-service arrest","Warrant Service","Ward 6","OOC","Lanham","Prince George's","MD","Black","Man",21,"18-29","Officer"
"362",1857,15040676,2015-08-15,"2015","08","Traffic","Part II - Vice","CA","Arrest","CDS: Marijuana","Ward 6","OOC","Fairfax","VA","VA","Black","Man",39,"30-39","Officer"
"363",1858,15040131,2015-08-12,"2015","08","Traffic","Miscellaneous","SVC","Warrant-service arrest","Warrant Service","Ward 6","OOC","Hyattsville","Prince George's","MD","Black","Man",48,"40-49","Officer"
"364",1859,15036299,2015-07-23,"2015","07","Traffic","Miscellaneous","SVC","Warrant-service arrest","Warrant Service","Ward 5","OOC","Silver Spring","Montgomery","MD","Hispanic","Man",44,"40-49","Officer"
"365",1860,15036023,2015-07-22,"2015","07","Traffic","Part II - Vice","CRC","Criminal citation","CDS: Cocaine","Ward 6","OOC","Washington","DC","DC","Black","Man",50,"50-59","Officer"
"366",1861,15035517,2015-07-20,"2015","07","Traffic","Part II - Safety","CA","Arrest","DUI","Ward 6","OOC","Silver Spring","Montgomery","MD","Hispanic","Man",37,"30-39","Officer"
"367",1862,15034329,2015-07-13,"2015","07","Traffic","Miscellaneous","CA","Arrest","All Other - Traffic","Ward 5","OOC","Lanham","Prince George's","MD","Black","Woman",27,"18-29","Detail"
"368",1863,15032469,2015-07-03,"2015","07","Traffic","Part II - Safety","CA","Arrest","Weapons Violation","Ward 6","OOC","Washington","DC","DC","Black","Man",24,"18-29","Officer"
"369",1864,15032469,2015-07-03,"2015","07","Traffic","Miscellaneous","SVC","Warrant-service arrest","Warrant Service","Ward 6","OOC","Washington","DC","DC","Black","Man",23,"18-29","Officer"
"370",1865,15031681,2015-07-01,"2015","07","Traffic","Part II - Safety","CA","Arrest","DUI","Ward 6","Ward 6","Takoma Park","Takoma Park (MC)","MD","Black","Man",29,"18-29","Officer"
"371",1866,15031372,2015-06-28,"2015","06","Traffic","Part II - Safety","CA","Arrest","DUI","Ward 3","OOC","Hyattsville","Prince George's","MD","Hispanic","Man",35,"30-39","Officer"
"372",1867,15030537,2015-06-23,"2015","06","Traffic","Miscellaneous","SVC","Warrant-service arrest","Warrant Service","Ward 6","OOC","Upper Marlboro","Prince George's","MD","Black","Man",33,"30-39","Officer"
"373",1868,15030072,2015-06-20,"2015","06","Traffic","Part II - Safety","CA","Arrest","DUI","Ward 6","OOC","Columbus","OOS","OH","Hispanic","Man",22,"18-29","Officer"
"374",1869,15028761,2015-06-13,"2015","06","Traffic","Part II - Safety","CA","Arrest","DUI","Ward 2","OOC","Arlington","VA","VA","Hispanic","Man",30,"30-39","Officer"
"375",1870,15027299,2015-06-06,"2015","06","Traffic","Miscellaneous","CA","Arrest","All Other - Traffic","Ward 6","OOC","Silver Spring","Montgomery","MD","White","Woman",25,"18-29","Public"
"376",1871,15026763,2015-06-03,"2015","06","Traffic","Miscellaneous","CA","Arrest","All Other - Traffic","Ward 5","OOC","Gaithersburg","Montgomery","MD","Black","Man",28,"18-29","Officer"
"377",1872,15026739,2015-06-03,"2015","06","Traffic","Part II - Safety","CA","Arrest","DUI","Ward 6","OOC","TP unincorporated (MC)","Montgomery","MD","Hispanic","Man",24,"18-29","Public"
"378",1873,15023912,2015-05-19,"2015","05","Traffic","Miscellaneous","CA","Arrest","All Other - Traffic","Ward 6","OOC","North Chesterfield","VA","VA","Hispanic","Man",33,"30-39","Officer"
"379",1874,15023531,2015-05-17,"2015","05","Traffic","Part II - Safety","CA","Arrest","DUI","Ward 6","OOC","Silver Spring","Montgomery","MD","Hispanic","Man",42,"40-49","Officer"
"380",1875,15023269,2015-05-16,"2015","05","Traffic","Part II - Vice","CA","Arrest","CDS: Cocaine","Ward 2","OOC","Hyattsville","Prince George's","MD","Hispanic","Man",28,"18-29","Officer"
"381",1876,15023269,2015-05-16,"2015","05","Traffic","Miscellaneous","SVC","Warrant-service arrest","Warrant Service","Ward 2","OOC","Hyattsville","Prince George's","MD","Hispanic","Man",27,"18-29","Officer"
"382",1877,15022925,2015-05-14,"2015","05","Traffic","Miscellaneous","CA","Arrest","All Other - Traffic","Ward 2","Ward 2","Takoma Park","Takoma Park (MC)","MD","White","Woman",73,"70 or higher","Detail"
"383",1878,15022981,2015-05-14,"2015","05","Traffic","Part II - Safety","CA","Arrest","DUI","Ward 6","OOC","Silver Spring","Montgomery","MD","Hispanic","Man",24,"18-29","Officer"
"384",1879,15022219,2015-05-10,"2015","05","Traffic","Part II - Safety","CA","Arrest","DUI","Ward 6","OOC","Hyattsville","Prince George's","MD","Hispanic","Man",49,"40-49","Detail"
"385",1880,15021650,2015-05-07,"2015","05","Traffic","Part II - Safety","CA","Arrest","DUI","Ward 2","OOC","Hyattsville","Prince George's","MD","White","Man",30,"30-39","Officer"
"386",1881,15021504,2015-05-06,"2015","05","Traffic","Miscellaneous","CA","Arrest","All Other - Traffic","Ward 6","OOC","Washington","DC","DC","Black","Man",34,"30-39","Officer"
"387",1882,15019636,2015-04-26,"2015","04","Traffic","Part II - Safety","CA","Arrest","DUI","Ward 6","OOC","Upper Marlboro","Prince George's","MD","Black","Man",43,"40-49","Officer"
"388",1883,15019220,2015-04-24,"2015","04","Traffic","Miscellaneous","SVC","Warrant-service arrest","Warrant Service","Ward 3","UNK","UNK","UNK","UNK","Hispanic","Man",36,"30-39","Officer"
"389",1884,15018918,2015-04-23,"2015","04","Traffic","Part II - Vice","APP","Application for charges","CDS: Felony Cocaine","Ward 6","OOC","Hyattsville","Prince George's","MD","Black","Man",45,"40-49","Detail"
"390",1885,15018424,2015-04-22,"2015","04","Traffic","Part II - Safety","CA","Arrest","DUI","Ward 5","OOC","Silver Spring","Montgomery","MD","Hispanic","Man",30,"30-39","Officer"
"391",1886,15017524,2015-04-15,"2015","04","Traffic","Miscellaneous","SVC","Warrant-service arrest","Warrant Service","Ward 2","OOC","Washington","DC","DC","Black","Man",43,"40-49","Officer"
"392",1887,15017197,2015-04-14,"2015","04","Traffic","Part II - Vice","CRC","Criminal citation","CDS: Marijuana","Ward 6","OOC","Washington","DC","DC","Black","Man",23,"18-29","Officer"
"393",1888,15015749,2015-04-06,"2015","04","Traffic","Miscellaneous","SVC","Warrant-service arrest","Warrant Service","Ward 6","OOC","Hyattsville","Prince George's","MD","Hispanic","Woman",34,"30-39","Officer"
"394",1889,15015649,2015-04-06,"2015","04","Traffic","Part II - Safety","CA","Arrest","DUI","Ward 6","OOC","Glenarden","Prince George's","MD","Hispanic","Man",42,"40-49","Officer"
"395",1890,15015482,2015-04-05,"2015","04","Traffic","Part II - Safety","CA","Arrest","DUI","Ward 2","Ward 2","Takoma Park","Takoma Park (MC)","MD","White","Man",59,"50-59","Officer"
"396",1891,15015251,2015-04-03,"2015","04","Traffic","Part II - Safety","CA","Arrest","DUI","Ward 2","OOC","Hyattsville","Prince George's","MD","Hispanic","Man",49,"40-49","Public"
"397",1892,15011292,2015-04-02,"2015","04","Traffic","Part II - Vice","CRC","Criminal citation","CDS: Paraphernalia","Ward 2","OOC","Hyattsville","Prince George's","MD","Black","Man",47,"40-49","Detail"
"398",1893,15011292,2015-04-02,"2015","04","Traffic","Part II - Vice","CRC","Criminal citation","CDS: Paraphernalia","Ward 2","OOC","Hyattsville","Prince George's","MD","White","Woman",28,"18-29","Detail"
"399",1894,15014694,2015-03-31,"2015","03","Traffic","Part II - Safety","CA","Arrest","DUI","Ward 3","OOC","Washington","DC","DC","Black","Man",63,"60-69","Officer"
"400",1895,15014143,2015-03-28,"2015","03","Traffic","Part II - Safety","CA","Arrest","DUI","Ward 3","OOC","Mars","OOS","PA","Black","Man",30,"30-39","Public"
"401",1896,15011764,2015-03-14,"2015","03","Traffic","Miscellaneous","SVC","Warrant-service arrest","Warrant Service","Ward 6","Ward 5","Takoma Park","Takoma Park (MC)","MD","Black","Man",29,"18-29","Officer"
"402",1897,15011100,2015-03-10,"2015","03","Traffic","Miscellaneous","SVC","Warrant-service arrest","Warrant Service","Ward 2","OOC","Washington","DC","DC","Black","Woman",39,"30-39","Detail"
"403",1898,15010804,2015-03-09,"2015","03","Traffic","Part II - Safety","CA","Arrest","DUI","Ward 5","OOC","Beltsville","Prince George's","MD","Hispanic","Man",39,"30-39","Officer"
"404",1899,15010546,2015-03-08,"2015","03","Traffic","Part II - Safety","CA","Arrest","DUI","Ward 2","OOC","Hyattsville","Prince George's","MD","Black","Man",26,"18-29","Detail"
"405",1900,15009944,2015-03-03,"2015","03","Traffic","Part II - Vice","CRC","Criminal citation","CDS: Marijuana","Ward 6","OOC","Baltimore","Baltimore","MD","Black","Man",22,"18-29","Officer"
"406",1901,15009717,2015-03-01,"2015","03","Traffic","Part II - Safety","CA","Arrest","DUI","Ward 6","OOC","Fairfax","VA","VA","White","Woman",24,"18-29","Detail"
"407",1902,15009651,2015-03-01,"2015","03","Traffic","Miscellaneous","CA","Arrest","All Other - Traffic","Ward 6","OOC","TP unincorporated (MC)","Montgomery","MD","Hispanic","Man",25,"18-29","Public"
"408",1903,15005225,2015-02-02,"2015","02","Traffic","Part II - Safety","CA","Arrest","DUI","Ward 6","OOC","Gaithersburg","Montgomery","MD","Hispanic","Man",51,"50-59","Officer"
"409",1904,15002508,2015-01-19,"2015","01","Traffic","Miscellaneous","SVC","Warrant-service arrest","Warrant Service","Ward 6","OOC","Capitol Heights","Prince George's","MD","White","Man",36,"30-39","Officer"
"410",1905,15002707,2015-01-17,"2015","01","Traffic","Part II - Safety","CA","Arrest","DUI","Ward 6","OOC","Hyattsville","Prince George's","MD","Hispanic","Man",28,"18-29","Officer"
"411",1906,15002466,2015-01-16,"2015","01","Traffic","Miscellaneous","SVC","Warrant-service arrest","Warrant Service","Ward 6","OOC","Hyattsville","Prince George's","MD","Black","Man",26,"18-29","Officer"
"412",1907,15002466,2015-01-16,"2015","01","Traffic","Part II - Nuisance","CRC","Criminal citation","Disorderly Conduct","Ward 6","OOC","Hyattsville","Prince George's","MD","Black","Man",26,"18-29","Officer"
"413",1908,15001524,2015-01-10,"2015","01","Traffic","Part II - Safety","CA","Arrest","DUI","Ward 6","OOC","Silver Spring","Montgomery","MD","Black","Man",37,"30-39","Officer"
"414",1909,15000497,2015-01-04,"2015","01","Traffic","Part II - Safety","CA","Arrest","DUI","Ward 6","OOC","Beltsville","Prince George's","MD","Hispanic","Man",25,"18-29","Officer"
"415",1910,15000376,2015-01-03,"2015","01","Traffic","Part II - Safety","CA","Arrest","DUI","Ward 6","Ward 6","Takoma Park","Takoma Park (MC)","MD","White","Man",42,"40-49","Officer"
"416",1911,15000073,2015-01-01,"2015","01","Traffic","Part II - Safety","CA","Arrest","DUI","Ward 6","OOC","Silver Spring","Montgomery","MD","Black","Man",22,"18-29","Detail"
